title,author,subject,isbn
Wings of Fire,APJ Abdul Kalam,Biography,234567
Half girlfriend,Chetan Bhagat,Romance,2345678
Stories we never tell,Savi sharma,Romance,938-91-520-46
The girl with a secret crush,Sudha Nair,Romance,1234567
The nameless relationship,Preeti shenoy,Romance,098765
The spinster diaries,Tanya eby,Fiction,978-19-455-5173-4
The power of now : a guide to spritual enlightenment,Eckhart tolle,Spirituality,978-1-57731-152-2
A new earth	Eckhart tolle,Spirituality,0-452-28996-3
Down under,Bill bryson Australia,inspiration,0-552-99703-x
The immortals of meluha,Amish tripathi,Myth,978-93-80658-74-2
You  are born to blossom,APJ Abdul Kalam,inspiration,978-818-4303-360
